repo_name,easy_file,hard_file
jaedb/Iris,mopidy_iris/static/app.js,src/js/services/spotify/actions.js
jaedb/Iris,src/js/views/Album.js,src/js/services/spotify/actions.js
jaedb/Iris,src/js/views/Artist.js,src/js/services/spotify/actions.js
mavoweb/mavo,src/mavo.js,src/backend.js
mnutt/davros,app/helpers/relative-time.js,app/components/directory-listing.js
mnutt/davros,server/dav/index.js,app/routes/file.js
mnutt/davros,server/dav/index.js,server/dav/notify.js
mnutt/davros,server/dav/index.js,app/lib/webdav.js
mnutt/davros,server/dav/index.js,app/components/path-breadcrumb.js
alexn1/qforms,dist/lib/backend/viewer/Model/Application/Application.js,src/frontend/viewer/Model/Database/Database.js
alexn1/qforms,dist/lib/backend/editor/Editor/FormEditor/TableFormEditor/TableFormEditor.js,src/frontend/viewer/Model/Database/Database.js
alexn1/qforms,dist/lib/backend/editor/Editor/FormEditor/RowFormEditor/RowFormEditor.js,src/frontend/viewer/Model/Database/Database.js
alexn1/qforms,dist/lib/backend/editor/EditorController/KeyColumnEditorController/KeyColumnEditorController.js,src/frontend/viewer/Model/Database/Database.js
alexn1/qforms,dist/lib/backend/editor/Editor/ActionEditor/ActionEditor.js,src/frontend/viewer/Model/Database/Database.js
alexn1/qforms,dist/lib/backend/editor/Editor/FieldEditor/FieldEditor.js,src/frontend/viewer/Model/Database/Database.js
alexn1/qforms,dist/lib/backend/editor/EditorController/ParamEditorController/ParamEditorController.js,src/frontend/viewer/Model/Database/Database.js
alexn1/qforms,dist/lib/backend/index.js,src/frontend/viewer/Model/Database/Database.js
alexn1/qforms,dist/lib/backend/editor/Editor/DataSourceEditor/DataSourceEditor.js,src/frontend/viewer/Model/Database/Database.js
alexn1/qforms,dist/lib/backend/Context.js,src/frontend/viewer/Model/Database/Database.js
alexn1/qforms,dist/lib/backend/editor/EditorController/ApplicationEditorController/ApplicationEditorController.js,src/frontend/viewer/Model/Database/Database.js
alexn1/qforms,src/backend/index.js,src/frontend/viewer/Model/Database/Database.js
alexn1/qforms,dist/lib/backend/Convert.js,src/frontend/viewer/Model/Database/Database.js
alexn1/qforms,dist/lib/backend/viewer/Model/Field/Field.js,src/frontend/viewer/Model/Database/Database.js
alexn1/qforms,dist/lib/backend/editor/EditorController/DataSourceEditorController/DataSourceEditorController.js,src/frontend/viewer/Model/Database/Database.js
alexn1/qforms,src/frontend/common/FrontHostApp.js,src/frontend/viewer/Model/Database/Database.js
alexn1/qforms,dist/lib/backend/editor/Editor/DatabaseEditor/DatabaseEditor.js,src/frontend/viewer/Model/Database/Database.js
alexn1/qforms,dist/lib/backend/editor/EditorController/PageLinkEditorController/PageLinkEditorController.js,src/frontend/viewer/Model/Database/Database.js
alexn1/qforms,dist/lib/backend/editor/Editor/FieldEditor/TextBoxFieldEditor/TextBoxFieldEditor.js,src/frontend/viewer/Model/Database/Database.js
alexn1/qforms,dist/lib/backend/editor/EditorController/EditorController.js,src/frontend/viewer/Model/Database/Database.js
alexn1/qforms,dist/lib/backend/BaseModel.js,src/frontend/viewer/Model/Database/Database.js
alexn1/qforms,dist/lib/backend/editor/Editor/ApplicationEditor/ApplicationEditor.js,src/frontend/viewer/Model/Database/Database.js
alexn1/qforms,dist/lib/backend/viewer/Model/DataSource/SqlDataSource/SqlDataSource.js,src/frontend/viewer/Model/Database/Database.js
alexn1/qforms,dist/lib/backend/editor/EditorController/PageEditorController/PageEditorController.js,src/frontend/viewer/Model/Database/Database.js
alexn1/qforms,dist/lib/backend/editor/Editor/PageEditor/PageEditor.js,src/frontend/viewer/Model/Database/Database.js
nabab/bbn-vue,src/components/gallery/gallery.js,src/components/floater/floater.js
nabab/bbn-vue,src/components/router/router.js,src/components/floater/floater.js
mapcentia/vidi,extensions/conflictSearch/browser/controller.js,extensions/conflictSearch/server/index.js
melonjs/melonJS,src/lang/deprecated.js,src/camera/camera2d.js
openwfm/wrfxweb,fdds/js/components/infoPanel.js,fdds/js/components/timeSeriesChart.js
openwfm/wrfxweb,fdds/js/components/timeSeriesButton.js,fdds/js/components/timeSeriesMarker.js
openwfm/wrfxweb,fdds/js/components/layerController.js,fdds/js/components/Controller.js
openwfm/wrfxweb,fdds/js/components/domainSelector.js,fdds/js/components/Controller.js
openwfm/wrfxweb,fdds/js/components/CatalogMenu/catalogButton.js,fdds/js/components/Controller.js
openwfm/wrfxweb,fdds/js/components/timeSeriesButton.js,fdds/js/components/timeSeriesChart.js
openwfm/wrfxweb,fdds/js/components/infoPanel.js,fdds/js/components/timeSeriesMarker.js
webpack/webpack,lib/serialization/BinaryMiddleware.js,lib/ChunkGraph.js
bbyars/mountebank,Gruntfile.js,src/models/tcp/tcpProxy.js
lingochen/wings3d,html/js/wings3d_view.js,html/js/wings3d_importexport.js
lingochen/wings3d,html/js/wings3d_view.js,html/js/wings3d_triangulate.js
nroutasuo/level13,src/game/systems/occurrences/CampEventsSystem.js,src/game/UIFunctions.js
nroutasuo/level13,src/game/systems/ui/UIOutCampSystem.js,src/game/UIFunctions.js
nroutasuo/level13,src/game/constants/UIConstants.js,src/game/UIFunctions.js
nroutasuo/level13,src/game/systems/ui/UIOutHeaderSystem.js,src/game/UIFunctions.js
nroutasuo/level13,src/game/constants/ItemConstants.js,src/game/UIFunctions.js
phetsims/friction,js/friction/view/FrictionDragListener.js,js/friction/view/book/BookMovementAlerter.js
phetsims/friction,js/friction/view/FrictionDragListener.js,js/friction/view/TemperatureIncreasingAlerter.js
root-project/jsroot,scripts/JSRoot.hist.js,scripts/JSRoot.hist3d.js
openlayers/openlayers,src/ol/renderer/canvas/VectorTileLayer.js,src/ol/renderer/canvas/VectorLayer.js
GoogleChrome/lighthouse,lighthouse-core/fraggle-rock/config/config.js,lighthouse-core/fraggle-rock/gather/navigation-runner.js
dessant/search-by-image,gulpfile.js,src/background/main.js
dessant/search-by-image,gulpfile.js,src/utils/app.js
nodeGame/nodegame-client,build/nodegame-full.js,lib/core/Game.js
wwwouaiebe/leaflet.TravelNotes,src/dialogs/NoteDialogTooltipControl.js,src/coreLib/Router.js
wwwouaiebe/leaflet.TravelNotes,src/dialogs/NoteDialogPhoneControl.js,src/coreLib/HTMLSanitizer.js
wwwouaiebe/leaflet.TravelNotes,src/dialogs/ColorControl.js,src/coreLib/Router.js
wwwouaiebe/leaflet.TravelNotes,src/dialogs/ColorControl.js,src/coreLib/HTMLSanitizer.js
wwwouaiebe/leaflet.TravelNotes,src/dialogs/NoteDialogToolbarEventListeners.js,src/coreLib/Router.js
wwwouaiebe/leaflet.TravelNotes,src/dialogs/NoteDialogEventListeners.js,src/coreLib/HTMLSanitizer.js
wwwouaiebe/leaflet.TravelNotes,src/dialogs/NoteDialogIconControl.js,src/coreLib/Router.js
wwwouaiebe/leaflet.TravelNotes,src/dialogs/ColorControlEventListeners.js,src/coreLib/Router.js
wwwouaiebe/leaflet.TravelNotes,src/dialogs/NoteDialogPopupControl.js,src/coreLib/Router.js
wwwouaiebe/leaflet.TravelNotes,src/UI/MapLayersToolbarButton.js,src/coreLib/HTMLSanitizer.js
wwwouaiebe/leaflet.TravelNotes,src/UI/MapLayersToolbarUI.js,src/coreLib/HTMLSanitizer.js
wwwouaiebe/leaflet.TravelNotes,src/dialogs/NoteDialogIconDimsControl.js,src/coreLib/HTMLSanitizer.js
wwwouaiebe/leaflet.TravelNotes,src/dialogs/BaseDialogEventListeners.js,src/coreLib/HTMLSanitizer.js
wwwouaiebe/leaflet.TravelNotes,src/dialogs/APIKeysDialogToolbar.js,src/coreLib/Router.js
wwwouaiebe/leaflet.TravelNotes,src/UI/MapLayersToolbarButton.js,src/coreLib/Router.js
wwwouaiebe/leaflet.TravelNotes,src/dialogs/NoteDialogLinkControl.js,src/coreLib/Router.js
wwwouaiebe/leaflet.TravelNotes,src/UI/MapLayersToolbarUI.js,src/coreLib/Router.js
wwwouaiebe/leaflet.TravelNotes,src/dialogs/ColorControlEventListeners.js,src/coreLib/HTMLSanitizer.js
wwwouaiebe/leaflet.TravelNotes,src/dialogs/NoteDialogPhoneControl.js,src/coreLib/Router.js
wwwouaiebe/leaflet.TravelNotes,src/dialogs/APIKeysDialogKeyControl.js,src/coreLib/HTMLSanitizer.js
wwwouaiebe/leaflet.TravelNotes,src/dialogs/NoteDialogPopupControl.js,src/coreLib/HTMLSanitizer.js
wwwouaiebe/leaflet.TravelNotes,src/dialogs/APIKeysDialogEventListeners.js,src/coreLib/HTMLSanitizer.js
wwwouaiebe/leaflet.TravelNotes,src/dialogs/Color.js,src/coreLib/HTMLSanitizer.js
wwwouaiebe/leaflet.TravelNotes,src/dialogs/NoteDialogToolbarEventListeners.js,src/coreLib/HTMLSanitizer.js
wwwouaiebe/leaflet.TravelNotes,src/dialogs/NoteDialogEventListeners.js,src/coreLib/Router.js
wwwouaiebe/leaflet.TravelNotes,src/dialogs/APIKeysDialogKeyControl.js,src/coreLib/Router.js
wwwouaiebe/leaflet.TravelNotes,src/dialogs/NoteDialogAddressControl.js,src/coreLib/Router.js
wwwouaiebe/leaflet.TravelNotes,src/dialogs/Color.js,src/coreLib/Router.js
wwwouaiebe/leaflet.TravelNotes,src/dialogs/NoteDialogIconDimsControl.js,src/coreLib/Router.js
wwwouaiebe/leaflet.TravelNotes,src/dialogs/APIKeysDialogEventListeners.js,src/coreLib/Router.js
wwwouaiebe/leaflet.TravelNotes,src/dialogs/NoteDialogLinkControl.js,src/coreLib/HTMLSanitizer.js
wwwouaiebe/leaflet.TravelNotes,src/dialogs/NoteDialogTooltipControl.js,src/coreLib/HTMLSanitizer.js
wwwouaiebe/leaflet.TravelNotes,src/dialogs/NoteDialogIconControl.js,src/coreLib/HTMLSanitizer.js
wwwouaiebe/leaflet.TravelNotes,src/dialogs/NoteDialogAddressControl.js,src/coreLib/HTMLSanitizer.js
wwwouaiebe/leaflet.TravelNotes,src/dialogs/BaseDialogEventListeners.js,src/coreLib/Router.js
wwwouaiebe/leaflet.TravelNotes,src/dialogs/APIKeysDialogToolbar.js,src/coreLib/HTMLSanitizer.js
angular/angular-devkit-build-angular-builds,src/builders/dev-server/index.js,src/webpack/plugins/javascript-optimizer-worker.js
angular/angular-devkit-build-angular-builds,src/builders/dev-server/index.js,src/builders/browser/index.js
angular/angular-devkit-build-angular-builds,src/builders/dev-server/index.js,src/webpack/plugins/css-optimizer-plugin.js
